stream,date_time,date,temp_c,do_mg_l,spc_uS_cm,depth_m,calcium_mg_l,day_period,time,reaction,calcium_g_m2,diff_h
CD,2023-09-11 18:00:00,2023-09-11,25.34,6.81,334.7,2.3408336,43.981,Nighttime,21:00:00,Dissolution,102.9522026,0
CD,2023-09-11 18:10:00,2023-09-11,25.32,6.64,332.6,2.3408336,43.498,Nighttime,21:10:00,Dissolution,101.8215799,0.166666667
CD,2023-09-11 18:20:00,2023-09-11,25.3,6.6,322.3,2.3408336,41.129,Nighttime,21:20:00,Dissolution,96.27614513,0.333333333
CD,2023-09-11 18:30:00,2023-09-11,25.3,6.49,321.6,2.3408336,40.968,Nighttime,21:30:00,Dissolution,95.89927092,0.5
CD,2023-09-11 18:40:00,2023-09-11,25.28,6.62,369.6,2.3408336,52.008,Nighttime,21:40:00,Dissolution,121.7420739,0.666666667
CD,2023-09-11 18:50:00,2023-09-11,25.26,6.81,369,2.3408336,51.87,Nighttime,21:50:00,Dissolution,121.4190388,0.833333333
CD,2023-09-11 19:00:00,2023-09-11,25.24,6.48,386.1,2.3408336,55.803,Nighttime,22:00:00,Dissolution,130.6255374,1
CD,2023-09-11 19:10:00,2023-09-11,25.24,6.41,384.7,2.3408336,55.481,Nighttime,22:10:00,Dissolution,129.871789,1.166666667
CD,2023-09-11 19:20:00,2023-09-11,25.22,6.81,382.9,2.3408336,55.067,Nighttime,22:20:00,Dissolution,128.9026839,1.333333333
CD,2023-09-11 19:30:00,2023-09-11,25.2,6.85,381.9,2.3408336,54.837,Nighttime,22:30:00,Dissolution,128.3642921,1.5
CD,2023-09-11 19:40:00,2023-09-11,25.2,6.67,376.1,2.3408336,53.503,Nighttime,22:40:00,Dissolution,125.2416201,1.666666667
CD,2023-09-11 19:50:00,2023-09-11,25.18,6.89,460,2.3408336,72.8,Nighttime,22:50:00,Dissolution,170.4126861,1.833333333
CD,2023-09-11 20:00:00,2023-09-11,25.16,6.9,459.7,2.3408336,72.731,Nighttime,23:00:00,Dissolution,170.2511686,2
CD,2023-09-12 10:00:00,2023-09-12,25.2,7.24,350.8,2.3408336,47.684,Daytime,13:00:00,Uptake,111.6203094,0
CD,2023-09-12 10:10:00,2023-09-12,25.22,7.34,350.6,2.3408336,47.638,Daytime,13:10:00,Uptake,111.512631,0.166666667
CD,2023-09-12 10:20:00,2023-09-12,25.24,6.99,351.2,2.3408336,47.776,Daytime,13:20:00,Uptake,111.8356661,0.333333333
CD,2023-09-12 10:30:00,2023-09-12,25.28,7.23,351.8,2.3408336,47.914,Daytime,13:30:00,Uptake,112.1587011,0.5
CD,2023-09-12 10:40:00,2023-09-12,25.3,7.38,351.8,2.3408336,47.914,Daytime,13:40:00,Uptake,112.1587011,0.666666667
CD,2023-09-12 10:50:00,2023-09-12,25.36,7.37,348.6,2.3408336,47.178,Daytime,13:50:00,Uptake,110.4358476,0.833333333
CD,2023-09-12 11:00:00,2023-09-12,25.4,7.16,346.6,2.3408336,46.718,Daytime,14:00:00,Uptake,109.3590641,1
CD,2023-09-12 11:10:00,2023-09-12,25.42,7.22,346.6,2.3408336,46.718,Daytime,14:10:00,Uptake,109.3590641,1.166666667
CD,2023-09-12 11:20:00,2023-09-12,25.42,7.37,345.6,2.3408336,46.488,Daytime,14:20:00,Uptake,108.8206724,1.333333333
CD,2023-09-12 11:30:00,2023-09-12,25.44,7.27,345.4,2.3408336,46.442,Daytime,14:30:00,Uptake,108.7129941,1.5
CD,2023-09-12 11:40:00,2023-09-12,25.44,7.2,344.4,2.3408336,46.212,Daytime,14:40:00,Uptake,108.1746023,1.666666667
CD,2023-09-12 11:50:00,2023-09-12,25.44,7.23,344.2,2.3408336,46.166,Daytime,14:50:00,Uptake,108.066924,1.833333333
CD,2023-09-12 12:00:00,2023-09-12,25.46,7.34,344.2,2.3408336,46.166,Daytime,15:00:00,Uptake,108.066924,2
CD,2023-09-12 12:10:00,2023-09-12,25.48,7.35,343.5,2.3408336,46.005,Daytime,15:10:00,Uptake,107.6900498,2.166666667
CD,2023-09-12 12:20:00,2023-09-12,25.5,7.34,343.3,2.3408336,45.959,Daytime,15:20:00,Uptake,107.5823714,2.333333333
CD,2023-09-12 12:30:00,2023-09-12,25.52,7.37,341.7,2.3408336,45.591,Daytime,15:30:00,Uptake,106.7209447,2.5
CD,2023-09-12 12:40:00,2023-09-12,25.54,7.35,341.6,2.3408336,45.568,Nighttime,15:40:00,Dissolution,106.6671055,0
CD,2023-09-12 12:50:00,2023-09-12,25.54,6.98,341.8,2.3408336,45.614,Nighttime,15:50:00,Dissolution,106.7747838,0.166666667
CD,2023-09-12 13:00:00,2023-09-12,25.56,7.3,341.7,2.3408336,45.591,Nighttime,16:00:00,Dissolution,106.7209447,0.333333333
CD,2023-09-12 15:00:00,2023-09-12,25.64,7.18,343.9,2.3408336,46.097,Nighttime,18:00:00,Dissolution,107.9054065,2.333333333
CD,2023-09-12 15:10:00,2023-09-12,25.64,7.13,343.9,2.3408336,46.097,Nighttime,18:10:00,Dissolution,107.9054065,2.5
CD,2023-09-12 15:20:00,2023-09-12,25.64,7.01,343.2,2.3408336,45.936,Nighttime,18:20:00,Dissolution,107.5285322,2.666666667
CD,2023-09-12 15:30:00,2023-09-12,25.64,7.18,343.3,2.3408336,45.959,Nighttime,18:30:00,Dissolution,107.5823714,2.833333333
CD,2023-09-12 15:40:00,2023-09-12,25.64,7.15,346.3,2.3408336,46.649,Nighttime,18:40:00,Dissolution,109.1975466,3
CD,2023-09-12 15:50:00,2023-09-12,25.62,7.04,346.4,2.3408336,46.672,Nighttime,18:50:00,Dissolution,109.2513858,3.166666667
CD,2023-09-12 16:00:00,2023-09-12,25.62,7,347.2,2.3408336,46.856,Nighttime,19:00:00,Dissolution,109.6820992,3.333333333
CD,2023-09-13 07:00:00,2023-09-13,25.08,7.23,334.8,2.3408336,44.004,Daytime,10:00:00,Uptake,103.0060417,0
CD,2023-09-13 07:10:00,2023-09-13,25.1,7.23,333.9,2.3408336,43.797,Daytime,10:10:00,Uptake,102.5214892,0.166666667
CD,2023-09-13 07:20:00,2023-09-13,25.12,7.21,334.1,2.3408336,43.843,Daytime,10:20:00,Uptake,102.6291675,0.333333333
CD,2023-09-13 07:30:00,2023-09-13,25.14,7.23,333.6,2.3408336,43.728,Daytime,10:30:00,Uptake,102.3599717,0.5
CD,2023-09-13 07:40:00,2023-09-13,25.16,7.22,333.8,2.3408336,43.774,Daytime,10:40:00,Uptake,102.46765,0.666666667
CD,2023-09-13 07:50:00,2023-09-13,25.18,7.25,334.8,2.3408336,44.004,Daytime,10:50:00,Uptake,103.0060417,0.833333333
CD,2023-09-13 08:00:00,2023-09-13,25.2,7.28,334.2,2.3408336,43.866,Daytime,11:00:00,Uptake,102.6830067,1
CD,2023-09-13 08:10:00,2023-09-13,25.22,7.24,333.6,2.3408336,43.728,Daytime,11:10:00,Uptake,102.3599717,1.166666667
CD,2023-09-13 08:20:00,2023-09-13,25.24,7.31,334.3,2.3408336,43.889,Daytime,11:20:00,Uptake,102.7368459,1.333333333
CD,2023-09-13 08:30:00,2023-09-13,25.26,7.31,334.4,2.3408336,43.912,Daytime,11:30:00,Uptake,102.790685,1.5
CD,2023-09-13 08:40:00,2023-09-13,25.3,7.32,333.8,2.3408336,43.774,Daytime,11:40:00,Uptake,102.46765,1.666666667
CD,2023-09-13 08:50:00,2023-09-13,25.34,7.33,333.8,2.3408336,43.774,Daytime,11:50:00,Uptake,102.46765,1.833333333
CD,2023-09-13 09:00:00,2023-09-13,25.38,7.3,333.2,2.3408336,43.636,Daytime,12:00:00,Uptake,102.144615,2
CD,2023-09-13 09:10:00,2023-09-13,25.4,7.32,333.5,2.3408336,43.705,Daytime,12:10:00,Uptake,102.3061325,2.166666667
CD,2023-09-13 09:20:00,2023-09-13,25.42,7.32,332.9,2.3408336,43.567,Daytime,12:20:00,Uptake,101.9830975,2.333333333
CD,2023-09-13 09:30:00,2023-09-13,25.46,7.31,334.3,2.3408336,43.889,Daytime,12:30:00,Uptake,,2.5
CD,2023-09-13 09:40:00,2023-09-13,25.48,7.36,333.4,2.3408336,43.682,Daytime,12:40:00,Uptake,102.2522933,2.666666667
CD,2023-09-13 09:50:00,2023-09-13,25.5,7.35,332.3,2.3408336,43.429,Daytime,12:50:00,Uptake,101.6600624,2.833333333
CD,2023-09-13 10:00:00,2023-09-13,25.52,7.31,330.9,2.3408336,43.107,Daytime,13:00:00,Uptake,,3
CD,2023-09-13 10:10:00,2023-09-13,25.54,7.36,330.9,2.3408336,43.107,Daytime,13:10:00,Uptake,,3.166666667
CD,2023-09-13 10:20:00,2023-09-13,25.54,7.31,330.9,2.3408336,43.107,Daytime,13:20:00,Uptake,,3.333333333
CD,2023-09-13 10:30:00,2023-09-13,25.54,7.34,332.1,2.3408336,43.383,Daytime,13:30:00,Uptake,101.5523841,3.5
CD,2023-09-13 10:40:00,2023-09-13,25.54,7.27,332.3,2.3408336,43.429,Daytime,13:40:00,Uptake,101.6600624,3.666666667
CD,2023-09-13 10:50:00,2023-09-13,25.62,7.33,332.3,2.3408336,43.429,Daytime,13:50:00,Uptake,101.6600624,3.833333333
CD,2023-09-13 14:00:00,2023-09-13,25.86,7.18,331.4,2.3408336,43.222,Nighttime,17:00:00,Dissolution,101.1755099,0
CD,2023-09-13 14:10:00,2023-09-13,25.84,7.1,332,2.3408336,43.36,Nighttime,17:10:00,Dissolution,101.4985449,0.166666667
CD,2023-09-13 14:20:00,2023-09-13,25.82,7.11,332.5,2.3408336,43.475,Nighttime,17:20:00,Dissolution,101.7677408,0.333333333
CD,2023-09-13 14:30:00,2023-09-13,25.8,7.1,332.3,2.3408336,43.429,Nighttime,17:30:00,Dissolution,101.6600624,0.5
CD,2023-09-13 14:40:00,2023-09-13,25.78,7.12,332.9,2.3408336,43.567,Nighttime,17:40:00,Dissolution,101.9830975,0.666666667
CD,2023-09-13 14:50:00,2023-09-13,25.76,7.11,333.4,2.3408336,43.682,Nighttime,17:50:00,Dissolution,102.2522933,0.833333333
CD,2023-09-13 15:00:00,2023-09-13,25.74,7.05,333.6,2.3408336,43.728,Nighttime,18:00:00,Dissolution,102.3599717,1
CD,2023-09-13 15:10:00,2023-09-13,25.72,7.09,333.7,2.3408336,43.751,Nighttime,18:10:00,Dissolution,102.4138108,1.166666667
CD,2023-09-13 15:20:00,2023-09-13,25.7,7.02,333.9,2.3408336,43.797,Nighttime,18:20:00,Dissolution,102.5214892,1.333333333
CD,2023-09-13 15:30:00,2023-09-13,25.68,6.9,334,2.3408336,43.82,Nighttime,18:30:00,Dissolution,102.5753284,1.5
CD,2023-09-13 15:40:00,2023-09-13,25.68,6.99,333.4,2.3408336,43.682,Nighttime,18:40:00,Dissolution,102.2522933,1.666666667
CD,2023-09-13 15:50:00,2023-09-13,25.66,7.01,333.5,2.3408336,43.705,Nighttime,18:50:00,Dissolution,102.3061325,1.833333333
CD,2023-09-13 16:00:00,2023-09-13,25.64,7,333.6,2.3408336,43.728,Nighttime,19:00:00,Dissolution,102.3599717,2
CD,2023-09-13 23:00:00,2023-09-14,25.04,6.74,335.9,2.3408336,44.257,Nighttime,2:00:00,Dissolution,103.5982726,0
CD,2023-09-13 23:10:00,2023-09-14,25.02,6.72,335.5,2.3408336,44.165,Nighttime,2:10:00,Dissolution,103.3829159,0.166666667
CD,2023-09-13 23:20:00,2023-09-14,25,6.66,335.3,2.3408336,44.119,Nighttime,2:20:00,Dissolution,103.2752376,0.333333333
CD,2023-09-13 23:30:00,2023-09-14,24.98,6.7,335.1,2.3408336,44.073,Nighttime,2:30:00,Dissolution,103.1675593,0.5
CD,2023-09-13 23:40:00,2023-09-14,24.96,6.71,334.7,2.3408336,43.981,Nighttime,2:40:00,Dissolution,102.9522026,0.666666667
CD,2023-09-13 23:50:00,2023-09-14,24.96,6.64,335.3,2.3408336,44.119,Nighttime,2:50:00,Dissolution,,0.833333333
CD,2023-09-14 00:00:00,2023-09-14,24.94,6.7,335.1,2.3408336,44.073,Nighttime,3:00:00,Dissolution,,1
CD,2023-09-14 05:00:00,2023-09-14,24.7,6.98,334,2.3408336,43.82,Daytime,8:00:00,Uptake,102.5753284,0
CD,2023-09-14 05:10:00,2023-09-14,24.7,7,333.6,2.3408336,43.728,Daytime,8:10:00,Uptake,102.3599717,0.166666667
CD,2023-09-14 05:20:00,2023-09-14,24.68,6.99,334.8,2.3408336,44.004,Daytime,8:20:00,Uptake,103.0060417,0.333333333
CD,2023-09-14 05:30:00,2023-09-14,24.68,7.04,333.6,2.3408336,43.728,Daytime,8:30:00,Uptake,102.3599717,0.5
CD,2023-09-14 05:40:00,2023-09-14,24.68,7.01,333.2,2.3408336,43.636,Daytime,8:40:00,Uptake,102.144615,0.666666667
CD,2023-09-14 05:50:00,2023-09-14,24.68,6.97,333.2,2.3408336,43.636,Daytime,8:50:00,Uptake,102.144615,0.833333333
CD,2023-09-14 06:00:00,2023-09-14,24.68,7.02,331.7,2.3408336,43.291,Daytime,9:00:00,Uptake,101.3370274,1
CD,2023-09-14 06:10:00,2023-09-14,24.68,6.97,330.6,2.3408336,43.038,Daytime,9:10:00,Uptake,100.7447965,1.166666667
CD,2023-09-14 06:20:00,2023-09-14,24.68,6.98,330.2,2.3408336,42.946,Daytime,9:20:00,Uptake,100.5294398,1.333333333
CD,2023-09-14 06:30:00,2023-09-14,24.68,7.02,329.8,2.3408336,42.854,Daytime,9:30:00,Uptake,100.3140831,1.5
CD,2023-09-14 06:40:00,2023-09-14,24.66,7.05,329.8,2.3408336,42.854,Daytime,9:40:00,Uptake,100.3140831,1.666666667
CD,2023-09-14 06:50:00,2023-09-14,24.66,7.07,329,2.3408336,42.67,Daytime,9:50:00,Uptake,99.88336971,1.833333333
CD,2023-09-14 07:00:00,2023-09-14,24.66,7.01,328.6,2.3408336,42.578,Daytime,10:00:00,Uptake,99.66801302,2
CD,2023-09-14 07:10:00,2023-09-14,24.66,7.06,329,2.3408336,42.67,Daytime,10:10:00,Uptake,99.88336971,2.166666667
CD,2023-09-14 07:20:00,2023-09-14,24.66,7.03,329.1,2.3408336,42.693,Daytime,10:20:00,Uptake,99.93720888,2.333333333
CD,2023-09-14 07:30:00,2023-09-14,24.66,7.06,329,2.3408336,42.67,Daytime,10:30:00,Uptake,,2.5
CD,2023-09-14 07:40:00,2023-09-14,24.66,7.08,329.1,2.3408336,42.693,Daytime,10:40:00,Uptake,,2.666666667
CD,2023-09-14 07:50:00,2023-09-14,24.64,7.06,329.2,2.3408336,42.716,Daytime,10:50:00,Uptake,,2.833333333
CD,2023-09-14 08:00:00,2023-09-14,24.64,7.05,329.2,2.3408336,42.716,Daytime,11:00:00,Uptake,,3
CD,2023-09-14 08:10:00,2023-09-14,24.64,7.03,328.9,2.3408336,42.647,Daytime,11:10:00,Uptake,,3.166666667
CD,2023-09-14 08:20:00,2023-09-14,24.64,7.06,328.9,2.3408336,42.647,Daytime,11:20:00,Uptake,,3.333333333
CD,2023-09-14 08:30:00,2023-09-14,24.62,7.09,328.2,2.3408336,42.486,Daytime,11:30:00,Uptake,,3.5
CD,2023-09-14 08:40:00,2023-09-14,24.62,7.11,327.9,2.3408336,42.417,Daytime,11:40:00,Uptake,,3.666666667
CD,2023-09-14 08:50:00,2023-09-14,24.62,7.11,328.7,2.3408336,42.601,Daytime,11:50:00,Uptake,,3.833333333
CD,2023-09-14 09:00:00,2023-09-14,24.6,7.05,328.7,2.3408336,42.601,Daytime,12:00:00,Uptake,,4
CD,2023-10-11 16:04:00,2023-10-11,27.09,5.849,346.72,1.30704556,46.7456,Nighttime,19:00:00,Dissolution,61.09862893,0
CD,2023-10-11 16:14:00,2023-10-11,26.984,6.037,348.285,1.30704556,47.10555,Nighttime,19:10:00,Dissolution,61.56909998,0.166666667
CD,2023-10-11 16:24:00,2023-10-11,26.944,6.028,349.36,1.30704556,47.3528,Nighttime,19:20:00,Dissolution,61.89226699,0.333333333
CD,2023-10-11 16:34:00,2023-10-11,26.94,6.087,351.34,1.30704556,47.8082,Nighttime,19:30:00,Dissolution,62.48749554,0.5
CD,2023-10-11 16:44:00,2023-10-11,26.926,6.122,352.46,1.30704556,48.0658,Nighttime,19:40:00,Dissolution,62.82419048,0.666666667
CD,2023-10-11 16:54:00,2023-10-11,26.92,6.079,353.065,1.30704556,48.20495,Nighttime,19:50:00,Dissolution,63.00606587,0.833333333
CD,2023-10-11 17:04:00,2023-10-11,26.912,6.045,353.62,1.30704556,48.3326,Nighttime,20:00:00,Dissolution,63.17291023,1
CD,2023-10-11 17:14:00,2023-10-11,26.9,6.066,354.125,1.30704556,48.44875,Nighttime,20:10:00,Dissolution,63.32472358,1.166666667
CD,2023-10-11 17:24:00,2023-10-11,26.9,6.099,354.635,1.30704556,48.56605,Nighttime,20:20:00,Dissolution,63.47804002,1.333333333
CD,2023-10-11 17:34:00,2023-10-11,26.892,6.1,354.7,1.30704556,48.581,Nighttime,20:30:00,Dissolution,63.49758035,1.5
CD,2023-10-11 17:44:00,2023-10-11,26.88,6.103,355.065,1.30704556,48.66495,Nighttime,20:40:00,Dissolution,63.60730683,1.666666667
CD,2023-10-11 17:54:00,2023-10-11,26.866,6.022,355.655,1.30704556,48.80065,Nighttime,20:50:00,Dissolution,63.78467291,1.833333333
CD,2023-10-11 18:04:00,2023-10-11,26.86,6.052,355.995,1.30704556,48.87885,Nighttime,21:00:00,Dissolution,63.88688387,2
CD,2023-10-11 18:14:00,2023-10-11,26.846,6.054,356.51,1.30704556,48.9973,Nighttime,21:10:00,Dissolution,64.04170342,2.166666667
CD,2023-10-11 18:24:00,2023-10-11,26.836,6.064,356.69,1.30704556,49.0387,Nighttime,21:20:00,Dissolution,64.0958151,2.333333333
CD,2023-10-11 18:34:00,2023-10-11,26.82,6.019,357.245,1.30704556,49.16635,Nighttime,21:30:00,Dissolution,64.26265947,2.5
CD,2023-10-11 18:44:00,2023-10-11,26.804,6.008,357.905,1.30704556,49.31815,Nighttime,21:40:00,Dissolution,64.46106898,2.666666667
CD,2023-10-11 18:54:00,2023-10-11,26.796,5.963,358.035,1.30704556,49.34805,Nighttime,21:50:00,Dissolution,64.50014965,2.833333333
CD,2023-10-11 19:04:00,2023-10-11,26.78,5.922,358.485,1.30704556,49.45155,Nighttime,22:00:00,Dissolution,64.63542886,3
CD,2023-10-11 19:14:00,2023-10-11,26.772,6.005,358.805,1.30704556,49.52515,Nighttime,22:10:00,Dissolution,64.73162742,3.166666667
CD,2023-10-11 19:24:00,2023-10-11,26.76,5.904,358.895,1.30704556,49.54585,Nighttime,22:20:00,Dissolution,64.75868326,3.333333333
CD,2023-10-11 19:34:00,2023-10-11,26.75,6.031,359.01,1.30704556,49.5723,Nighttime,22:30:00,Dissolution,64.79325461,3.5
CD,2023-10-11 19:44:00,2023-10-11,26.736,6.035,359.095,1.30704556,49.59185,Nighttime,22:40:00,Dissolution,64.81880735,3.666666667
CD,2023-10-11 19:54:00,2023-10-11,26.72,6.058,359.235,1.30704556,49.62405,Nighttime,22:50:00,Dissolution,64.86089422,3.833333333
CD,2023-10-11 20:04:00,2023-10-11,26.7,6.061,359.525,1.30704556,49.69075,Nighttime,23:00:00,Dissolution,64.94807416,4
CD,2023-10-12 07:04:00,2023-10-12,26.298,6.281,377.35,1.30704556,53.7905,Daytime,10:00:00,Uptake,70.3066342,0
CD,2023-10-12 07:14:00,2023-10-12,26.316,6.306,377.25,1.30704556,53.7675,Daytime,10:10:00,Uptake,70.27657215,0.166666667
CD,2023-10-12 07:24:00,2023-10-12,26.328,6.284,376.585,1.30704556,53.61455,Daytime,10:20:00,Uptake,70.07665953,0.333333333
CD,2023-10-12 07:34:00,2023-10-12,26.342,6.284,376.43,1.30704556,53.5789,Daytime,10:30:00,Uptake,70.03006335,0.5
CD,2023-10-12 07:44:00,2023-10-12,26.36,6.249,376.16,1.30704556,53.5168,Daytime,10:40:00,Uptake,69.94889583,0.666666667
CD,2023-10-12 07:54:00,2023-10-12,26.37,6.211,375.86,1.30704556,53.4478,Daytime,10:50:00,Uptake,69.85870968,0.833333333
CD,2023-10-12 08:04:00,2023-10-12,26.386,6.242,375.52,1.30704556,53.3696,Daytime,11:00:00,Uptake,69.75649872,1
CD,2023-10-12 08:14:00,2023-10-12,26.408,6.232,375.29,1.30704556,53.3167,Daytime,11:10:00,Uptake,69.68735601,1.166666667
CD,2023-10-12 08:24:00,2023-10-12,26.43,6.291,375.045,1.30704556,53.26035,Daytime,11:20:00,Uptake,69.61370399,1.333333333
CD,2023-10-12 08:34:00,2023-10-12,26.446,6.199,374.725,1.30704556,53.18675,Daytime,11:30:00,Uptake,69.51750544,1.5
CD,2023-10-12 08:44:00,2023-10-12,26.468,6.181,374.415,1.30704556,53.11545,Daytime,11:40:00,Uptake,69.42431309,1.666666667
CD,2023-10-12 08:54:00,2023-10-12,26.48,6.189,374.145,1.30704556,53.05335,Daytime,11:50:00,Uptake,69.34314556,1.833333333
CD,2023-10-12 09:04:00,2023-10-12,26.502,6.196,373.92,1.30704556,53.0016,Daytime,12:00:00,Uptake,69.27550595,2
CD,2023-10-12 18:34:00,2023-10-12,26.914,5.991,365.555,1.30704556,51.07765,Nighttime,21:30:00,Dissolution,66.76081565,0
CD,2023-10-12 18:44:00,2023-10-12,26.9,6.02,365.59,1.30704556,51.0857,Nighttime,21:40:00,Dissolution,66.77133736,0.166666667
CD,2023-10-12 18:54:00,2023-10-12,26.9,5.982,365.83,1.30704556,51.1409,Nighttime,21:50:00,Dissolution,,0.333333333
CD,2023-10-12 19:04:00,2023-10-12,26.88,5.953,365.94,1.30704556,51.1662,Nighttime,22:00:00,Dissolution,,0.5
CD,2023-10-12 19:14:00,2023-10-12,26.878,5.898,365.655,1.30704556,51.10065,Nighttime,22:10:00,Dissolution,66.7908777,0.666666667
CD,2023-10-12 19:24:00,2023-10-12,26.86,5.949,365.64,1.30704556,51.0972,Nighttime,22:20:00,Dissolution,66.78636839,0.833333333
CD,2023-10-12 19:34:00,2023-10-12,26.858,5.935,365.585,1.30704556,51.08455,Nighttime,22:30:00,Dissolution,,1
CD,2023-10-12 19:44:00,2023-10-12,26.842,5.965,365.735,1.30704556,51.11905,Nighttime,22:40:00,Dissolution,66.81492733,1.166666667
CD,2023-10-12 19:54:00,2023-10-12,26.834,5.986,365.745,1.30704556,51.12135,Nighttime,22:50:00,Dissolution,66.81793354,1.333333333
CD,2023-10-12 20:04:00,2023-10-12,26.82,5.887,365.7,1.30704556,51.111,Nighttime,23:00:00,Dissolution,66.80440562,1.5
CD,2023-10-12 20:14:00,2023-10-12,26.808,5.879,366.135,1.30704556,51.21105,Nighttime,23:10:00,Dissolution,,1.666666667
CD,2023-10-12 20:24:00,2023-10-12,26.8,6.069,365.96,1.30704556,51.1708,Nighttime,23:20:00,Dissolution,,1.833333333
CD,2023-10-12 20:34:00,2023-10-12,26.792,6.075,365.855,1.30704556,51.14665,Nighttime,23:30:00,Dissolution,66.85100179,2
CD,2023-10-12 20:44:00,2023-10-12,26.78,6.089,365.845,1.30704556,51.14435,Nighttime,23:40:00,Dissolution,66.84799559,2.166666667
CD,2023-10-12 20:54:00,2023-10-12,26.77,6.11,365.465,1.30704556,51.05695,Nighttime,23:50:00,Dissolution,,2.333333333
CD,2023-10-13 07:04:00,2023-10-13,26.284,6.29,361.48,1.30704556,50.1404,Daytime,10:00:00,Uptake,65.5357872,0
CD,2023-10-13 07:14:00,2023-10-13,26.296,6.346,361.435,1.30704556,50.13005,Daytime,10:10:00,Uptake,65.52225928,0.166666667
CD,2023-10-13 07:24:00,2023-10-13,26.3,6.358,361.47,1.30704556,50.1381,Daytime,10:20:00,Uptake,65.53278099,0.333333333
CD,2023-10-13 07:34:00,2023-10-13,26.3,6.387,361.435,1.30704556,50.13005,Daytime,10:30:00,Uptake,65.52225928,0.5
CD,2023-10-13 07:44:00,2023-10-13,26.306,6.379,361.38,1.30704556,50.1174,Daytime,10:40:00,Uptake,65.50572515,0.666666667
CD,2023-10-13 07:54:00,2023-10-13,26.32,6.26,361.3,1.30704556,50.099,Daytime,10:50:00,Uptake,65.48167551,0.833333333
CD,2023-10-13 08:04:00,2023-10-13,26.32,6.397,361.51,1.30704556,50.1473,Daytime,11:00:00,Uptake,,1
CD,2023-10-13 08:14:00,2023-10-13,26.33,6.358,361.37,1.30704556,50.1151,Daytime,11:10:00,Uptake,65.50271894,1.166666667
CD,2023-10-13 08:24:00,2023-10-13,26.34,6.348,361.53,1.30704556,50.1519,Daytime,11:20:00,Uptake,,1.333333333
CD,2023-10-13 08:34:00,2023-10-13,26.352,6.421,361.435,1.30704556,50.13005,Daytime,11:30:00,Uptake,,1.5
CD,2023-10-13 08:44:00,2023-10-13,26.36,6.351,361.21,1.30704556,50.0783,Daytime,11:40:00,Uptake,65.45461967,1.666666667
CD,2023-10-13 08:54:00,2023-10-13,26.378,6.364,360.885,1.30704556,50.00355,Daytime,11:50:00,Uptake,65.35691801,1.833333333
CD,2023-10-13 09:04:00,2023-10-13,26.39,6.469,360.725,1.30704556,49.96675,Daytime,12:00:00,Uptake,65.30881874,2
CD,2023-10-13 16:04:00,2023-10-13,26.766,6.226,358.675,1.30704556,49.49525,Nighttime,19:00:00,Dissolution,64.69254675,
CD,2023-10-13 16:14:00,2023-10-13,26.768,6.315,358.65,1.30704556,49.4895,Nighttime,19:10:00,Dissolution,64.68503124,
CD,2023-10-13 16:24:00,2023-10-13,26.76,6.275,358.6,1.30704556,49.478,Nighttime,19:20:00,Dissolution,64.67000022,
CD,2023-10-13 16:34:00,2023-10-13,26.76,6.239,358.55,1.30704556,49.4665,Nighttime,19:30:00,Dissolution,64.65496919,
CD,2023-10-13 16:44:00,2023-10-13,26.76,6.285,358.41,1.30704556,49.4343,Nighttime,19:40:00,Dissolution,64.61288233,0
CD,2023-10-13 16:54:00,2023-10-13,26.76,6.286,358.26,1.30704556,49.3998,Nighttime,19:50:00,Dissolution,64.56778925,0.166666667
CD,2023-10-13 17:04:00,2023-10-13,26.76,6.184,358.515,1.30704556,49.45845,Nighttime,20:00:00,Dissolution,64.64444748,0.333333333
CD,2023-10-13 17:14:00,2023-10-13,26.748,6.316,358.895,1.30704556,49.54585,Nighttime,20:10:00,Dissolution,64.75868326,0.5
CD,2023-10-13 17:24:00,2023-10-13,26.746,6.261,358.87,1.30704556,49.5401,Nighttime,20:20:00,Dissolution,64.75116775,0.666666667
CD,2023-10-13 17:34:00,2023-10-13,26.74,6.284,358.645,1.30704556,49.48835,Nighttime,20:30:00,Dissolution,64.68352814,0.833333333
CD,2023-10-13 17:44:00,2023-10-13,26.738,6.298,359.185,1.30704556,49.61255,Nighttime,20:40:00,Dissolution,64.8458632,1
CD,2023-10-13 17:54:00,2023-10-13,26.724,6.253,359.465,1.30704556,49.67695,Nighttime,20:50:00,Dissolution,64.93003693,1.166666667
CD,2023-10-13 18:04:00,2023-10-13,26.72,6.137,359.545,1.30704556,49.69535,Nighttime,21:00:00,Dissolution,64.95408657,1.333333333
CD,2023-10-13 18:14:00,2023-10-13,26.72,6.158,359.765,1.30704556,49.74595,Nighttime,21:10:00,Dissolution,65.02022308,1.5
CD,2023-10-13 18:24:00,2023-10-13,26.708,6.204,359.945,1.30704556,49.78735,Nighttime,21:20:00,Dissolution,65.07433476,1.666666667
CD,2023-10-13 18:34:00,2023-10-13,26.7,6.137,362.36,1.30704556,50.3428,Nighttime,21:30:00,Dissolution,65.80033322,1.833333333
CD,2023-10-13 18:44:00,2023-10-13,26.7,6.277,362.54,1.30704556,50.3842,Nighttime,21:40:00,Dissolution,65.8544449,2
CD,2023-10-13 18:54:00,2023-10-13,26.684,6.31,362.765,1.30704556,50.43595,Nighttime,21:50:00,Dissolution,65.92208451,2.166666667
CD,2023-10-13 19:04:00,2023-10-13,26.68,6.266,363.36,1.30704556,50.5728,Nighttime,22:00:00,Dissolution,66.1009537,2.333333333
CD,2023-10-13 19:14:00,2023-10-13,26.672,6.255,363.625,1.30704556,50.63375,Nighttime,22:10:00,Dissolution,66.18061812,2.5
CD,2023-10-13 19:24:00,2023-10-13,26.66,6.258,364.58,1.30704556,50.8534,Nighttime,22:20:00,Dissolution,66.46771068,2.666666667
CD,2023-10-13 19:34:00,2023-10-13,26.66,6.223,362.815,1.30704556,50.44745,Nighttime,22:30:00,Dissolution,,
CD,2023-10-13 19:44:00,2023-10-13,26.644,6.252,361.545,1.30704556,50.15535,Nighttime,22:40:00,Dissolution,,
CD,2023-10-13 19:54:00,2023-10-13,26.638,6.205,361.045,1.30704556,50.04035,Nighttime,22:50:00,Dissolution,,
CD,2023-10-13 20:04:00,2023-10-13,26.622,6.193,361.105,1.30704556,50.05415,Nighttime,23:00:00,Dissolution,,
CD,2023-10-14 10:24:00,2023-10-14,26.272,6.84,366.435,1.30704556,51.28005,Daytime,13:20:00,Uptake,,
CD,2023-10-14 10:34:00,2023-10-14,26.3,6.895,366.285,1.30704556,51.24555,Daytime,13:30:00,Uptake,,
CD,2023-10-14 10:44:00,2023-10-14,26.33,6.881,368.065,1.30704556,51.65495,Daytime,13:40:00,Uptake,67.51537305,0
CD,2023-10-14 10:54:00,2023-10-14,26.352,6.898,368.56,1.30704556,51.7688,Daytime,13:50:00,Uptake,67.66418019,0.166666667
CD,2023-10-14 11:04:00,2023-10-14,26.374,6.888,367.995,1.30704556,51.63885,Daytime,14:00:00,Uptake,67.49432962,0.333333333
CD,2023-10-14 11:14:00,2023-10-14,26.392,6.866,365.005,1.30704556,50.95115,Daytime,14:10:00,Uptake,66.59547438,0.5
CD,2023-10-14 11:24:00,2023-10-14,26.414,6.821,363.26,1.30704556,50.5498,Daytime,14:20:00,Uptake,66.07089165,0.666666667
CD,2023-10-14 11:34:00,2023-10-14,26.43,6.798,363.445,1.30704556,50.59235,Daytime,14:30:00,Uptake,66.12650644,0.833333333
CD,2023-10-14 11:44:00,2023-10-14,26.44,6.773,363.465,1.30704556,50.59695,Daytime,14:40:00,Uptake,66.13251885,1
CD,2023-10-14 11:54:00,2023-10-14,26.46,6.781,362.41,1.30704556,50.3543,Daytime,14:50:00,Uptake,65.81536424,1.166666667
CD,2023-10-14 12:04:00,2023-10-14,26.466,6.752,365.79,1.30704556,51.1317,Daytime,15:00:00,Uptake,,1.333333333
CD,2023-10-14 12:14:00,2023-10-14,26.48,6.73,364.03,1.30704556,50.7269,Daytime,15:10:00,Uptake,,1.5
CD,2023-10-14 12:24:00,2023-10-14,26.498,6.746,362.13,1.30704556,50.2899,Daytime,15:20:00,Uptake,65.73119051,1.666666667
CD,2023-10-14 12:34:00,2023-10-14,26.508,6.767,362.91,1.30704556,50.4693,Daytime,15:30:00,Uptake,,1.833333333
CD,2023-10-14 12:44:00,2023-10-14,26.52,6.782,363.51,1.30704556,50.6073,Daytime,15:40:00,Uptake,,2
CD,2023-10-14 12:54:00,2023-10-14,26.52,6.767,364.78,1.30704556,50.8994,Daytime,15:50:00,Uptake,,2.166666667
CD,2023-10-14 13:04:00,2023-10-14,26.54,6.759,362.2,1.30704556,50.306,Daytime,16:00:00,Uptake,65.75223394,2.333333333
CD,2023-10-14 18:14:00,2023-10-14,26.58,6.422,358.125,1.30704556,49.36875,Nighttime,21:10:00,Dissolution,64.52720549,0
CD,2023-10-14 18:24:00,2023-10-14,26.572,6.281,357.54,1.30704556,49.2342,Nighttime,21:20:00,Dissolution,64.35134251,0.166666667
CD,2023-10-14 18:34:00,2023-10-14,26.56,6.454,356.705,1.30704556,49.04215,Nighttime,21:30:00,Dissolution,64.10032441,0.333333333
CD,2023-10-14 18:44:00,2023-10-14,26.56,6.452,357.89,1.30704556,49.3147,Nighttime,21:40:00,Dissolution,64.45655968,0.5
CD,2023-10-14 18:54:00,2023-10-14,26.544,6.407,360.15,1.30704556,49.8345,Nighttime,21:50:00,Dissolution,65.13596196,0.666666667
CD,2023-10-14 19:04:00,2023-10-14,26.54,6.415,359.495,1.30704556,49.68385,Nighttime,22:00:00,Dissolution,64.93905555,0.833333333
CD,2023-10-14 19:14:00,2023-10-14,26.53,6.42,359.945,1.30704556,49.78735,Nighttime,22:10:00,Dissolution,65.07433476,1
CD,2023-10-14 19:24:00,2023-10-14,26.52,6.47,359.815,1.30704556,49.75745,Nighttime,22:20:00,Dissolution,65.0352541,1.166666667
CD,2023-10-14 19:34:00,2023-10-14,26.506,6.445,359.455,1.30704556,49.67465,Nighttime,22:30:00,Dissolution,,1.333333333
CD,2023-10-14 19:44:00,2023-10-14,26.5,6.443,360.535,1.30704556,49.92305,Nighttime,22:40:00,Dissolution,,1.5
CD,2023-10-14 19:54:00,2023-10-14,26.482,6.507,364.99,1.30704556,50.9477,Nighttime,22:50:00,Dissolution,66.59096508,1.666666667
CD,2023-10-14 20:04:00,2023-10-14,26.48,6.506,363.685,1.30704556,50.64755,Nighttime,23:00:00,Dissolution,66.19865535,1.833333333
CD,2023-10-15 09:04:00,2023-10-15,26.152,6.959,363.78,1.30704556,50.6694,Daytime,12:00:00,Uptake,,0
CD,2023-10-15 09:14:00,2023-10-15,26.174,7.013,364.115,1.30704556,50.74645,Daytime,12:10:00,Uptake,66.32792216,0.166666667
CD,2023-10-15 09:24:00,2023-10-15,26.216,6.992,363.675,1.30704556,50.64525,Daytime,12:20:00,Uptake,,0.333333333
CD,2023-10-15 09:34:00,2023-10-15,26.246,7.004,364.685,1.30704556,50.87755,Daytime,12:30:00,Uptake,66.49927583,0.5
CD,2023-10-15 09:44:00,2023-10-15,26.276,6.981,364.55,1.30704556,50.8465,Daytime,12:40:00,Uptake,66.45869207,0.666666667
CD,2023-10-15 09:54:00,2023-10-15,26.308,6.912,364.3,1.30704556,50.789,Daytime,12:50:00,Uptake,66.38353695,0.833333333
CD,2023-10-15 10:04:00,2023-10-15,26.344,7.016,364.47,1.30704556,50.8281,Daytime,13:00:00,Uptake,66.43464243,1
CD,2023-10-15 10:14:00,2023-10-15,26.378,6.993,364.81,1.30704556,50.9063,Daytime,13:10:00,Uptake,,1.166666667
CD,2023-10-15 10:24:00,2023-10-15,26.414,7.049,363.565,1.30704556,50.61995,Daytime,13:20:00,Uptake,66.16258089,1.333333333
CD,2023-10-15 10:34:00,2023-10-15,26.448,7.049,361.87,1.30704556,50.2301,Daytime,13:30:00,Uptake,,1.5
CD,2023-10-15 10:44:00,2023-10-15,26.468,7.03,361.195,1.30704556,50.07485,Daytime,13:40:00,Uptake,,1.666666667
CD,2023-10-15 10:54:00,2023-10-15,26.482,7.054,362.28,1.30704556,50.3244,Daytime,13:50:00,Uptake,,1.833333333
CD,2023-10-15 11:04:00,2023-10-15,26.5,7.007,363.51,1.30704556,50.6073,Daytime,14:00:00,Uptake,66.14604677,2
CD,2023-10-15 11:14:00,2023-10-15,26.506,6.979,364.05,1.30704556,50.7315,Daytime,14:10:00,Uptake,66.30838183,2.166666667
CD,2023-10-15 11:24:00,2023-10-15,26.53,6.87,364.74,1.30704556,50.8902,Daytime,14:20:00,Uptake,,2.333333333
CD,2023-10-15 11:34:00,2023-10-15,26.54,6.862,365.15,1.30704556,50.9845,Daytime,14:30:00,Uptake,,2.5
CD,2023-10-15 11:44:00,2023-10-15,26.55,6.913,364.235,1.30704556,50.77405,Daytime,14:40:00,Uptake,,2.666666667
CD,2023-10-15 11:54:00,2023-10-15,26.56,6.925,362.83,1.30704556,50.4509,Daytime,14:50:00,Uptake,65.94162484,2.833333333
CD,2023-10-15 12:04:00,2023-10-15,26.578,6.879,363.075,1.30704556,50.50725,Daytime,15:00:00,Uptake,66.01527686,3
CD,2023-10-15 12:14:00,2023-10-15,26.59,6.804,362.78,1.30704556,50.4394,Daytime,15:10:00,Uptake,65.92659382,3.166666667
CD,2023-10-15 12:24:00,2023-10-15,26.608,6.912,362.04,1.30704556,50.2692,Daytime,15:20:00,Uptake,,3.333333333
CD,2023-10-15 12:34:00,2023-10-15,26.624,6.859,362.53,1.30704556,50.3819,Daytime,15:30:00,Uptake,65.8514387,3.5
CD,2023-10-15 16:04:00,2023-10-15,26.78,6.795,364.945,1.30704556,50.93735,Nighttime,19:00:00,Dissolution,66.57743716,0
CD,2023-10-15 16:14:00,2023-10-15,26.78,6.779,364.55,1.30704556,50.8465,Nighttime,19:10:00,Dissolution,66.45869207,0.166666667
CD,2023-10-15 16:24:00,2023-10-15,26.78,6.714,366.055,1.30704556,51.19265,Nighttime,19:20:00,Dissolution,66.91112589,0.333333333
CD,2023-10-15 16:34:00,2023-10-15,26.78,6.661,367.295,1.30704556,51.47785,Nighttime,19:30:00,Dissolution,67.28389528,0.5
CD,2023-10-15 16:44:00,2023-10-15,26.78,6.619,367.235,1.30704556,51.46405,Nighttime,19:40:00,Dissolution,67.26585805,0.666666667
CD,2023-10-15 16:54:00,2023-10-15,26.78,6.615,366.825,1.30704556,51.36975,Nighttime,19:50:00,Dissolution,67.14260366,0.833333333
CD,2023-10-15 17:04:00,2023-10-15,26.78,6.613,367.79,1.30704556,51.5917,Nighttime,20:00:00,Dissolution,67.43270242,1
CD,2023-10-15 17:14:00,2023-10-15,26.78,6.613,370.895,1.30704556,52.30585,Nighttime,20:10:00,Dissolution,68.366129,1.166666667
CD,2023-10-15 17:24:00,2023-10-15,26.776,6.586,371.795,1.30704556,52.51285,Nighttime,20:20:00,Dissolution,68.63668744,1.333333333
CD,2023-10-15 17:34:00,2023-10-15,26.776,6.554,371.855,1.30704556,52.52665,Nighttime,20:30:00,Dissolution,68.65472466,1.5
CD,2023-10-15 17:44:00,2023-10-15,26.77,6.547,372.51,1.30704556,52.6773,Nighttime,20:40:00,Dissolution,68.85163108,1.666666667
CD,2023-10-15 17:54:00,2023-10-15,26.76,6.615,371.2,1.30704556,52.376,Nighttime,20:50:00,Dissolution,68.45781825,1.833333333
CD,2023-10-15 18:04:00,2023-10-15,26.76,6.633,370.545,1.30704556,52.22535,Nighttime,21:00:00,Dissolution,68.26091184,2
RA,2023-08-29 07:00:00,2023-08-29,24.9,7.56,385.2,1.5061382,55.596,Daytime,10:00:00,Uptake,83.73525937,0
RA,2023-08-29 07:10:00,2023-08-29,24.92,7.57,383.3,1.5061382,55.159,Daytime,10:10:00,Uptake,83.07707697,0.166666667
RA,2023-08-29 07:20:00,2023-08-29,24.98,7.61,382.8,1.5061382,55.044,Daytime,10:20:00,Uptake,82.90387108,0.333333333
RA,2023-08-29 07:30:00,2023-08-29,25.04,7.65,381.6,1.5061382,54.768,Daytime,10:30:00,Uptake,82.48817694,0.5
RA,2023-08-29 07:40:00,2023-08-29,25.1,7.66,378.1,1.5061382,53.963,Daytime,10:40:00,Uptake,81.27573569,0.666666667
RA,2023-08-29 07:50:00,2023-08-29,25.12,7.68,375.6,1.5061382,53.388,Daytime,10:50:00,Uptake,80.40970622,0.833333333
RA,2023-08-29 08:00:00,2023-08-29,25.22,7.69,372.6,1.5061382,52.698,Daytime,11:00:00,Uptake,79.37047086,1
RA,2023-08-29 08:10:00,2023-08-29,25.22,7.69,370.9,1.5061382,52.307,Daytime,11:10:00,Uptake,78.78157083,1.166666667
RA,2023-08-29 08:20:00,2023-08-29,25.34,7.66,368.8,1.5061382,51.824,Daytime,11:20:00,Uptake,78.05410608,1.333333333
RA,2023-08-29 08:30:00,2023-08-29,25.48,7.73,363,1.5061382,50.49,Daytime,11:30:00,Uptake,76.04491772,1.5
RA,2023-08-29 08:40:00,2023-08-29,25.6,7.76,357.1,1.5061382,49.133,Daytime,11:40:00,Uptake,74.00108818,1.666666667
RA,2023-08-29 08:50:00,2023-08-29,25.68,7.79,352.2,1.5061382,48.006,Daytime,11:50:00,Uptake,72.30367043,1.833333333
RA,2023-08-29 09:00:00,2023-08-29,25.64,7.76,349.1,1.5061382,47.293,Daytime,12:00:00,Uptake,71.22979389,2
RA,2023-08-29 09:10:00,2023-08-29,25.72,7.77,351.6,1.5061382,47.868,Daytime,12:10:00,Uptake,72.09582336,2.166666667
RA,2023-08-29 09:20:00,2023-08-29,25.68,7.76,354.3,1.5061382,48.489,Daytime,12:20:00,Uptake,73.03113518,2.333333333
RA,2023-08-29 09:30:00,2023-08-29,25.78,7.8,356.6,1.5061382,49.018,Daytime,12:30:00,Uptake,,2.5
RA,2023-08-29 09:40:00,2023-08-29,25.86,7.74,354.4,1.5061382,48.512,Daytime,12:40:00,Uptake,,2.666666667
RA,2023-08-29 09:50:00,2023-08-29,25.98,7.8,353.1,1.5061382,48.213,Daytime,12:50:00,Uptake,,2.833333333
RA,2023-08-29 10:00:00,2023-08-29,26.14,7.81,348.8,1.5061382,47.224,Daytime,13:00:00,Uptake,,3
RA,2023-08-29 13:00:00,2023-08-29,26.88,7.63,339.3,1.5061382,45.039,Nighttime,16:00:00,Dissolution,67.83495839,0
RA,2023-08-29 13:10:00,2023-08-29,26.88,7.61,342.6,1.5061382,45.798,Nighttime,16:10:00,Dissolution,68.97811728,0.166666667
RA,2023-08-29 13:20:00,2023-08-29,26.82,7.6,347.3,1.5061382,46.879,Nighttime,16:20:00,Dissolution,70.60625268,0.333333333
RA,2023-08-29 13:30:00,2023-08-29,26.82,7.56,353.9,1.5061382,48.397,Nighttime,16:30:00,Dissolution,72.89257047,0.5
RA,2023-08-29 13:40:00,2023-08-29,26.8,7.54,360.2,1.5061382,49.846,Nighttime,16:40:00,Dissolution,75.07496472,0.666666667
RA,2023-08-29 13:50:00,2023-08-29,26.76,7.53,365.4,1.5061382,51.042,Nighttime,16:50:00,Dissolution,76.876306,0.833333333
RA,2023-08-29 14:00:00,2023-08-29,26.74,7.52,370.9,1.5061382,52.307,Nighttime,17:00:00,Dissolution,78.78157083,1
RA,2023-08-29 14:10:00,2023-08-29,26.7,7.49,374.9,1.5061382,53.227,Nighttime,17:10:00,Dissolution,80.16721797,1.166666667
RA,2023-08-29 14:20:00,2023-08-29,26.66,7.46,378,1.5061382,53.94,Nighttime,17:20:00,Dissolution,81.24109451,1.333333333
RA,2023-08-29 14:30:00,2023-08-29,26.62,7.4,381.3,1.5061382,54.699,Nighttime,17:30:00,Dissolution,82.3842534,1.5
RA,2023-08-29 14:40:00,2023-08-29,26.56,7.39,384.4,1.5061382,55.412,Nighttime,17:40:00,Dissolution,83.45812994,1.666666667
RA,2023-08-29 14:50:00,2023-08-29,26.52,7.37,387.3,1.5061382,56.079,Nighttime,17:50:00,Dissolution,84.46272412,1.833333333
RA,2023-08-29 15:00:00,2023-08-29,26.48,7.33,389.6,1.5061382,56.608,Nighttime,18:00:00,Dissolution,85.25947123,2
RA,2023-08-29 15:10:00,2023-08-29,26.44,7.29,392.1,1.5061382,57.183,Nighttime,18:10:00,Dissolution,86.12550069,2.166666667
RA,2023-08-29 15:20:00,2023-08-29,26.4,7.26,394,1.5061382,57.62,Nighttime,18:20:00,Dissolution,86.78368308,2.333333333
RA,2023-08-29 15:30:00,2023-08-29,26.36,7.24,395.4,1.5061382,57.942,Nighttime,18:30:00,Dissolution,87.26865958,2.5
RA,2023-08-29 15:40:00,2023-08-29,26.34,7.2,397.1,1.5061382,58.333,Nighttime,18:40:00,Dissolution,87.85755962,2.666666667
RA,2023-08-29 15:50:00,2023-08-29,26.3,7.19,398.4,1.5061382,58.632,Nighttime,18:50:00,Dissolution,88.30789494,2.833333333
RA,2023-08-29 16:00:00,2023-08-29,26.28,7.17,399.3,1.5061382,58.839,Nighttime,19:00:00,Dissolution,88.61966555,3
RA,2023-08-30 07:00:00,2023-08-30,25.6,7.67,419.8,1.5061382,63.554,Daytime,10:00:00,Uptake,95.72110716,0
RA,2023-08-30 07:10:00,2023-08-30,25.62,7.64,419.5,1.5061382,63.485,Daytime,10:10:00,Uptake,95.61718363,0.166666667
RA,2023-08-30 07:20:00,2023-08-30,25.66,7.66,419.3,1.5061382,63.439,Daytime,10:20:00,Uptake,95.54790127,0.333333333
RA,2023-08-30 07:30:00,2023-08-30,25.72,7.72,417.5,1.5061382,63.025,Daytime,10:30:00,Uptake,94.92436006,0.5
RA,2023-08-30 07:40:00,2023-08-30,25.78,7.75,413,1.5061382,61.99,Daytime,10:40:00,Uptake,93.36550702,0.666666667
RA,2023-08-30 07:50:00,2023-08-30,25.82,7.8,411.9,1.5061382,61.737,Daytime,10:50:00,Uptake,92.98445405,0.833333333
RA,2023-08-30 08:00:00,2023-08-30,25.88,7.84,411.1,1.5061382,61.553,Daytime,11:00:00,Uptake,92.70732462,1
RA,2023-08-30 08:10:00,2023-08-30,25.92,7.88,412.9,1.5061382,61.967,Daytime,11:10:00,Uptake,93.33086584,1.166666667
RA,2023-08-30 08:20:00,2023-08-30,26.08,7.95,405.4,1.5061382,60.242,Daytime,11:20:00,Uptake,90.73277744,1.333333333
RA,2023-08-30 08:30:00,2023-08-30,26.16,7.98,405.8,1.5061382,60.334,Daytime,11:30:00,Uptake,90.87134216,1.5
RA,2023-08-30 08:40:00,2023-08-30,26.2,8,404.7,1.5061382,60.081,Daytime,11:40:00,Uptake,90.49028919,1.666666667
RA,2023-08-30 08:50:00,2023-08-30,26.22,8.04,403.2,1.5061382,59.736,Daytime,11:50:00,Uptake,89.97067152,1.833333333
RA,2023-08-31 07:00:00,2023-08-31,25.4,7.75,402.6,1.5061382,59.598,Daytime,10:00:00,Uptake,89.76282444,0
RA,2023-08-31 07:10:00,2023-08-31,25.42,7.78,400.9,1.5061382,59.207,Daytime,10:10:00,Uptake,89.17392441,0.166666667
RA,2023-08-31 07:20:00,2023-08-31,25.44,7.81,401.4,1.5061382,59.322,Daytime,10:20:00,Uptake,89.3471303,0.333333333
RA,2023-08-31 07:30:00,2023-08-31,25.46,7.84,401.3,1.5061382,59.299,Daytime,10:30:00,Uptake,89.31248912,0.5
RA,2023-08-31 07:40:00,2023-08-31,25.5,7.88,397.4,1.5061382,58.402,Daytime,10:40:00,Uptake,87.96148316,0.666666667
RA,2023-08-31 07:50:00,2023-08-31,25.54,7.92,397.5,1.5061382,58.425,Daytime,10:50:00,Uptake,87.99612434,0.833333333
RA,2023-08-31 08:00:00,2023-08-31,25.58,8.07,396.5,1.5061382,58.195,Daytime,11:00:00,Uptake,87.64971255,1
RA,2023-08-31 08:10:00,2023-08-31,25.64,8.05,394.5,1.5061382,57.735,Daytime,11:10:00,Uptake,86.95688898,1.166666667
RA,2023-08-31 08:20:00,2023-08-31,25.74,8.15,391.6,1.5061382,57.068,Daytime,11:20:00,Uptake,85.9522948,1.333333333
RA,2023-08-31 08:30:00,2023-08-31,25.82,8.3,391.4,1.5061382,57.022,Daytime,11:30:00,Uptake,85.88301244,1.5
RA,2023-08-31 08:40:00,2023-08-31,25.98,8.25,388.6,1.5061382,56.378,Daytime,11:40:00,Uptake,84.91305944,1.666666667
RA,2023-08-31 08:50:00,2023-08-31,26.06,8.19,385,1.5061382,55.55,Daytime,11:50:00,Uptake,83.66597701,1.833333333
RA,2023-08-31 09:00:00,2023-08-31,25.96,8.05,392.7,1.5061382,57.321,Daytime,12:00:00,Uptake,,2
RA,2023-08-31 09:10:00,2023-08-31,25.98,8.11,392.6,1.5061382,57.298,Daytime,12:10:00,Uptake,,2.166666667
RA,2023-08-31 09:20:00,2023-08-31,26.04,8.13,390.2,1.5061382,56.746,Daytime,12:20:00,Uptake,,2.333333333
RA,2023-08-31 09:30:00,2023-08-31,26.14,8.35,386.8,1.5061382,55.964,Daytime,12:30:00,Uptake,,2.5
RA,2023-08-31 09:40:00,2023-08-31,26.26,8.33,384.6,1.5061382,55.458,Daytime,12:40:00,Uptake,,2.666666667
RA,2023-08-31 09:50:00,2023-08-31,26.38,8.29,382.3,1.5061382,54.929,Daytime,12:50:00,Uptake,,2.833333333
RA,2023-08-31 10:00:00,2023-08-31,26.44,8.42,383.4,1.5061382,55.182,Daytime,13:00:00,Uptake,,3
RA,2023-08-31 13:00:00,2023-08-31,27.3,7.82,382,1.5061382,54.86,Nighttime,16:00:00,Dissolution,82.62674165,0
RA,2023-08-31 13:10:00,2023-08-31,27.28,7.81,386.3,1.5061382,55.849,Nighttime,16:10:00,Dissolution,84.11631233,0.166666667
RA,2023-08-31 13:20:00,2023-08-31,27.24,7.73,391.5,1.5061382,57.045,Nighttime,16:20:00,Dissolution,85.91765362,0.333333333
RA,2023-08-31 13:30:00,2023-08-31,27.22,7.76,393.9,1.5061382,57.597,Nighttime,16:30:00,Dissolution,86.74904191,0.5
RA,2023-08-31 13:40:00,2023-08-31,27.2,7.71,396.1,1.5061382,58.103,Nighttime,16:40:00,Dissolution,87.51114783,0.666666667
RA,2023-08-31 13:50:00,2023-08-31,27.16,7.68,397.1,1.5061382,58.333,Nighttime,16:50:00,Dissolution,87.85755962,0.833333333
RA,2023-08-31 14:00:00,2023-08-31,27.14,7.65,399.2,1.5061382,58.816,Nighttime,17:00:00,Dissolution,88.58502437,1
RA,2023-08-31 14:10:00,2023-08-31,27.1,7.62,400.5,1.5061382,59.115,Nighttime,17:10:00,Dissolution,89.03535969,1.166666667
RA,2023-08-31 14:20:00,2023-08-31,27.06,7.58,401.7,1.5061382,59.391,Nighttime,17:20:00,Dissolution,89.45105384,1.333333333
RA,2023-08-31 14:30:00,2023-08-31,27,7.54,402.4,1.5061382,59.552,Nighttime,17:30:00,Dissolution,89.69354209,1.5
RA,2023-08-31 14:40:00,2023-08-31,26.94,7.48,403.9,1.5061382,59.897,Nighttime,17:40:00,Dissolution,90.21315977,1.666666667
RA,2023-08-31 14:50:00,2023-08-31,26.9,7.46,404.8,1.5061382,60.104,Nighttime,17:50:00,Dissolution,90.52493037,1.833333333
RA,2023-08-31 15:00:00,2023-08-31,26.86,7.41,406.2,1.5061382,60.426,Nighttime,18:00:00,Dissolution,91.00990687,2
RA,2023-08-31 15:10:00,2023-08-31,26.8,7.36,406.7,1.5061382,60.541,Nighttime,18:10:00,Dissolution,91.18311277,2.166666667
RA,2023-08-31 15:20:00,2023-08-31,26.76,7.34,407.6,1.5061382,60.748,Nighttime,18:20:00,Dissolution,91.49488337,2.333333333
RA,2023-08-31 15:30:00,2023-08-31,26.72,7.33,408.4,1.5061382,60.932,Nighttime,18:30:00,Dissolution,91.7720128,2.5
RA,2023-08-31 15:40:00,2023-08-31,26.66,7.31,408.9,1.5061382,61.047,Nighttime,18:40:00,Dissolution,91.9452187,2.666666667
RA,2023-08-31 15:50:00,2023-08-31,26.62,7.26,409.6,1.5061382,61.208,Nighttime,18:50:00,Dissolution,92.18770695,2.833333333
RA,2023-08-31 16:00:00,2023-08-31,26.58,7.24,409.8,1.5061382,61.254,Nighttime,19:00:00,Dissolution,92.2569893,3
RC,2023-08-11 08:00:00,2023-08-11,22.96,7.49,422.533753,1.60663807,64.18276319,Daytime,11:00:00,Uptake,103.1184708,0
RC,2023-08-11 08:10:00,2023-08-11,23,7.52,422.5221129,1.60663807,64.18008597,Daytime,11:10:00,Uptake,103.1141695,0.166666667
RC,2023-08-11 08:20:00,2023-08-11,23.08,7.57,421.2729973,1.60663807,63.89278938,Daytime,11:20:00,Uptake,102.6525878,0.333333333
RC,2023-08-11 08:30:00,2023-08-11,23.18,7.61,421.5639859,1.60663807,63.95971676,Daytime,11:30:00,Uptake,102.7601159,0.5
RC,2023-08-11 08:40:00,2023-08-11,23.26,7.64,421.5543275,1.60663807,63.95749533,Daytime,11:40:00,Uptake,,0.666666667
RC,2023-08-11 08:50:00,2023-08-11,23.34,7.66,422.6842246,1.60663807,64.21737166,Daytime,11:50:00,Uptake,,0.833333333
RC,2023-08-11 09:00:00,2023-08-11,23.44,7.7,411.9692972,1.60663807,61.75293836,Daytime,12:00:00,Uptake,99.2146217,1
RC,2023-08-11 09:10:00,2023-08-11,23.55,7.735,409.5621112,1.60663807,61.19928558,Daytime,12:10:00,Uptake,98.32510206,1.166666667
RC,2023-08-11 09:20:00,2023-08-11,23.66,7.77,407.1549252,1.60663807,60.6456328,Daytime,12:20:00,Uptake,,1.333333333
RC,2023-08-11 09:30:00,2023-08-11,23.74,7.8,409.8992294,1.60663807,61.27682276,Daytime,12:30:00,Uptake,98.44967626,1.5
RC,2023-08-11 09:40:00,2023-08-11,23.82,7.79,412.9652815,1.60663807,61.98201475,Daytime,12:40:00,Uptake,99.58266454,1.666666667
RC,2023-08-11 09:50:00,2023-08-11,23.94,7.83,407.0689082,1.60663807,60.62584889,Daytime,12:50:00,Uptake,97.40379685,1.833333333
RC,2023-08-11 10:00:00,2023-08-11,24.02,7.85,413.6583624,1.60663807,62.14142335,Daytime,13:00:00,Uptake,,2
RC,2023-08-11 10:10:00,2023-08-11,24.12,7.87,406.9835452,1.60663807,60.6062154,Daytime,13:10:00,Uptake,97.37225293,2.166666667
RC,2023-08-11 10:20:00,2023-08-11,24.2,7.89,406.502486,1.60663807,60.49557178,Daytime,13:20:00,Uptake,97.19448869,2.333333333
RC,2023-08-11 10:30:00,2023-08-11,24.3,7.9,406.5135214,1.60663807,60.49810992,Daytime,13:30:00,Uptake,97.19856656,2.5
RC,2023-08-11 13:00:00,2023-08-11,25.1,7.78,412.8640152,1.60663807,61.9587235,Nighttime,16:00:00,Dissolution,99.54524394,0
RC,2023-08-11 13:10:00,2023-08-11,25.12,7.74,402.66862,1.60663807,59.6137826,Nighttime,16:10:00,Dissolution,95.77777262,0.166666667
RC,2023-08-11 13:20:00,2023-08-11,25.14,7.72,402.66862,1.60663807,59.6137826,Nighttime,16:20:00,Dissolution,95.77777262,0.333333333
RC,2023-08-11 13:30:00,2023-08-11,25.14,7.7,412.4680775,1.60663807,61.86765783,Nighttime,16:30:00,Dissolution,99.39893436,0.5
RC,2023-08-11 13:40:00,2023-08-11,25.14,7.66,412.4680775,1.60663807,61.86765783,Nighttime,16:40:00,Dissolution,99.39893436,0.666666667
RC,2023-08-11 13:50:00,2023-08-11,25.14,7.63,397.5920343,1.60663807,58.44616789,Nighttime,16:50:00,Dissolution,93.90183838,0.833333333
RC,2023-08-11 14:00:00,2023-08-11,25.12,7.6,397.1953348,1.60663807,58.354927,Nighttime,17:00:00,Dissolution,93.7552473,1
RC,2023-08-11 14:10:00,2023-08-11,25.1,7.56,383.9059029,1.60663807,55.29835767,Nighttime,17:10:00,Dissolution,88.84444664,1.166666667
RC,2023-08-11 14:20:00,2023-08-11,25.08,7.52,381.1290067,1.60663807,54.65967154,Nighttime,17:20:00,Dissolution,87.81830919,1.333333333
RC,2023-08-11 14:30:00,2023-08-11,25.08,7.49,365.0626785,1.60663807,50.96441606,Nighttime,17:30:00,Dissolution,81.88137105,1.5
RC,2023-08-11 14:40:00,2023-08-11,25.04,7.45,366.1638745,1.60663807,51.21769114,Nighttime,17:40:00,Dissolution,82.28829243,1.666666667
RC,2023-08-11 14:50:00,2023-08-11,25.02,7.41,365.070848,1.60663807,50.96629504,Nighttime,17:50:00,Dissolution,81.8843899,1.833333333
RC,2023-08-11 15:00:00,2023-08-11,25,7.39,344.3033447,1.60663807,46.18976928,Nighttime,18:00:00,Dissolution,74.21024177,2
RC,2023-08-11 15:10:00,2023-08-11,24.98,7.36,338.2979571,1.60663807,44.80853013,Nighttime,18:10:00,Dissolution,71.99109037,2.166666667
RC,2023-08-11 15:20:00,2023-08-11,24.96,7.34,322.6673569,1.60663807,41.21349209,Nighttime,18:20:00,Dissolution,66.21516538,2.333333333
RC,2023-08-11 15:30:00,2023-08-11,24.94,7.3,329.3377404,1.60663807,42.74768029,Nighttime,18:30:00,Dissolution,68.68005056,2.5
RC,2023-08-11 15:40:00,2023-08-11,24.92,7.27,324.2602843,1.60663807,41.57986539,Nighttime,18:40:00,Dissolution,66.80379468,2.666666667
RC,2023-08-11 15:50:00,2023-08-11,24.9,7.23,302.4570905,1.60663807,36.56513082,Nighttime,18:50:00,Dissolution,58.7469312,2.833333333
RC,2023-08-11 16:00:00,2023-08-11,24.9,7.21,284.2892768,1.60663807,32.38653366,Nighttime,19:00:00,Dissolution,52.03343794,3
RC,2023-08-12 08:00:00,2023-08-12,24.12,7.29,237.1177803,1.60663807,21.53708947,Daytime,11:00:00,Uptake,34.60230786,0
RC,2023-08-12 08:10:00,2023-08-12,24.16,7.32,236.9563024,1.60663807,21.49994955,Daytime,11:10:00,Uptake,34.54263745,0.166666667
RC,2023-08-12 08:20:00,2023-08-12,24.24,7.35,236.0951633,1.60663807,21.30188756,Daytime,11:20:00,Uptake,34.22442352,0.333333333
RC,2023-08-12 08:30:00,2023-08-12,24.3,7.39,236.0951633,1.60663807,21.30188756,Daytime,11:30:00,Uptake,34.22442352,0.5
RC,2023-08-12 08:40:00,2023-08-12,24.38,7.4,236.036833,1.60663807,21.28847159,Daytime,11:40:00,Uptake,34.20286891,0.666666667
RC,2023-08-12 08:50:00,2023-08-12,24.46,7.45,235.8783987,1.60663807,21.2520317,Daytime,11:50:00,Uptake,34.1443232,0.833333333
RC,2023-08-12 09:00:00,2023-08-12,24.56,7.48,231.4759929,1.60663807,20.23947837,Daytime,12:00:00,Uptake,32.51751646,1
RC,2023-08-12 09:10:00,2023-08-12,24.66,7.51,228.3056246,1.60663807,19.51029366,Daytime,12:10:00,Uptake,31.34598055,1.166666667
RC,2023-08-12 13:00:00,2023-08-12,25.6,7.63,427.3898864,1.60663807,65.29967387,Nighttime,16:00:00,Dissolution,104.912942,0
RC,2023-08-12 13:10:00,2023-08-12,25.6,7.6,426.9969746,1.60663807,65.20930416,Nighttime,16:10:00,Dissolution,104.7677506,0.166666667
RC,2023-08-12 13:20:00,2023-08-12,25.6,7.59,427.3898864,1.60663807,65.29967387,Nighttime,16:20:00,Dissolution,104.912942,0.333333333
RC,2023-08-12 13:30:00,2023-08-12,25.6,7.57,427.3898864,1.60663807,65.29967387,Nighttime,16:30:00,Dissolution,104.912942,0.5
RC,2023-08-12 13:40:00,2023-08-12,25.58,7.54,427.3898864,1.60663807,65.29967387,Nighttime,16:40:00,Dissolution,104.912942,0.666666667
RC,2023-08-12 13:50:00,2023-08-12,25.58,7.52,426.9969746,1.60663807,65.20930416,Nighttime,16:50:00,Dissolution,104.7677506,0.833333333
RC,2023-08-12 14:00:00,2023-08-12,25.56,7.48,427.3898864,1.60663807,65.29967387,Nighttime,17:00:00,Dissolution,104.912942,1
RC,2023-08-12 14:10:00,2023-08-12,25.54,7.46,428.2058852,1.60663807,65.4873536,Nighttime,17:10:00,Dissolution,105.2144754,1.166666667
RC,2023-08-12 14:20:00,2023-08-12,25.54,7.43,428.2058852,1.60663807,65.4873536,Nighttime,17:20:00,Dissolution,105.2144754,1.333333333
RC,2023-08-12 14:30:00,2023-08-12,25.52,7.39,427.8122232,1.60663807,65.39681134,Nighttime,17:30:00,Dissolution,105.0690067,1.5
RC,2023-08-12 14:40:00,2023-08-12,25.5,7.37,427.8122232,1.60663807,65.39681134,Nighttime,17:40:00,Dissolution,105.0690067,1.666666667
RC,2023-08-12 14:50:00,2023-08-12,25.5,7.33,427.9106387,1.60663807,65.4194469,Nighttime,17:50:00,Dissolution,105.1053739,1.833333333
RC,2023-08-12 15:00:00,2023-08-12,25.48,7.3,428.7291946,1.60663807,65.60771476,Nighttime,18:00:00,Dissolution,105.4078522,2
RC,2023-08-12 15:10:00,2023-08-12,25.46,7.27,428.7291946,1.60663807,65.60771476,Nighttime,18:10:00,Dissolution,105.4078522,2.166666667
RC,2023-08-12 15:20:00,2023-08-12,25.46,7.21,428.7291946,1.60663807,65.60771476,Nighttime,18:20:00,Dissolution,105.4078522,2.333333333
RC,2023-08-12 15:30:00,2023-08-12,25.44,7.19,428.7291946,1.60663807,65.60771476,Nighttime,18:30:00,Dissolution,105.4078522,2.5
RC,2023-08-12 15:40:00,2023-08-12,25.44,7.16,428.3347795,1.60663807,65.51699929,Nighttime,18:40:00,Dissolution,105.2621053,2.666666667
RC,2023-08-12 15:50:00,2023-08-12,25.42,7.13,428.7291946,1.60663807,65.60771476,Nighttime,18:50:00,Dissolution,105.4078522,2.833333333
RC,2023-08-12 16:00:00,2023-08-12,25.4,7.09,429.1641968,1.60663807,65.70776526,Nighttime,19:00:00,Dissolution,105.5685972,3
RC,2013-08-20 20:11:00,2023-08-13,24.4,7.12,425.2031705,1.60663807,64.79672922,Daytime,11:00:00,Uptake,104.104892,0
RC,2013-08-20 20:11:10,2023-08-13,24.42,7.15,424.285514,1.60663807,64.58566822,Daytime,11:10:00,Uptake,103.7657933,0.166666667
RC,2013-08-20 20:11:20,2023-08-13,24.46,7.19,424.6860668,1.60663807,64.67779536,Daytime,11:20:00,Uptake,103.9138083,0.333333333
RC,2013-08-20 20:11:30,2023-08-13,24.5,7.22,423.8626369,1.60663807,64.48840649,Daytime,11:30:00,Uptake,103.6095289,0.5
RC,2013-08-20 20:11:40,2023-08-13,24.52,7.25,423.4413965,1.60663807,64.3915212,Daytime,11:40:00,Uptake,103.4538693,0.666666667
RC,2013-08-20 20:11:50,2023-08-13,24.56,7.3,423.4200151,1.60663807,64.38660347,Daytime,11:50:00,Uptake,103.4459683,0.833333333
RC,2013-08-20 20:12:00,2023-08-13,24.62,7.35,423.718689,1.60663807,64.45529847,Daytime,12:00:00,Uptake,103.5563363,1
RC,2013-08-20 20:12:10,2023-08-13,24.74,7.42,423.6968143,1.60663807,64.45026729,Daytime,12:10:00,Uptake,103.548253,1.166666667
RC,2013-08-20 20:12:20,2023-08-13,24.74,7.42,423.6968143,1.60663807,64.45026729,Daytime,12:20:00,Uptake,103.548253,1.333333333
RC,2013-08-20 20:12:30,2023-08-13,24.8,7.47,420.840893,1.60663807,63.79340539,Daytime,12:30:00,Uptake,102.4929137,1.5
RC,2013-08-20 20:12:40,2023-08-13,24.86,7.49,421.5311194,1.60663807,63.95215746,Daytime,12:40:00,Uptake,102.7479708,1.666666667
RC,2013-08-20 20:12:50,2023-08-13,24.94,7.53,422.742541,1.60663807,64.23078443,Daytime,12:50:00,Uptake,103.1956235,1.833333333
RC,2013-08-20 20:13:00,2023-08-13,24.98,7.55,421.5136305,1.60663807,63.94813502,Daytime,13:00:00,Uptake,102.7415082,2
RC,2013-08-20 20:13:10,2023-08-13,24.98,7.55,421.0050686,1.60663807,63.83116578,Daytime,13:10:00,Uptake,102.553581,2.166666667
RC,2013-08-20 20:13:20,2023-08-13,25.08,7.59,410.3535354,1.60663807,61.38131314,Daytime,13:20:00,Uptake,,2.333333333
RC,2013-08-20 20:13:30,2023-08-13,25.12,7.61,409.2017992,1.60663807,61.11641382,Daytime,13:30:00,Uptake,,2.5
RC,2013-08-20 20:16:00,2023-08-13,25.62,7.61,423.7718527,1.60663807,64.46752612,Nighttime,16:00:00,Dissolution,103.5759817,0
RC,2013-08-20 20:16:10,2023-08-13,25.64,7.59,424.976026,1.60663807,64.74448598,Nighttime,16:10:00,Dissolution,104.020956,0.166666667
RC,2013-08-20 20:16:20,2023-08-13,25.64,7.56,424.976026,1.60663807,64.74448598,Nighttime,16:20:00,Dissolution,104.020956,0.333333333
RC,2013-08-20 20:16:30,2023-08-13,25.64,7.55,424.976026,1.60663807,64.74448598,Nighttime,16:30:00,Dissolution,104.020956,0.5
RC,2013-08-20 20:16:40,2023-08-13,25.64,7.53,424.976026,1.60663807,64.74448598,Nighttime,16:40:00,Dissolution,104.020956,0.666666667
RC,2013-08-20 20:16:50,2023-08-13,25.62,7.5,425.7843137,1.60663807,64.93039215,Nighttime,16:50:00,Dissolution,104.3196399,0.833333333
RC,2013-08-20 20:17:00,2023-08-13,25.6,7.47,426.6040627,1.60663807,65.11893442,Nighttime,17:00:00,Dissolution,104.6225591,1
RC,2013-08-20 20:17:10,2023-08-13,25.6,7.44,426.6040627,1.60663807,65.11893442,Nighttime,17:10:00,Dissolution,104.6225591,1.166666667
RC,2013-08-20 20:17:20,2023-08-13,25.58,7.42,426.2111508,1.60663807,65.02856468,Nighttime,17:20:00,Dissolution,104.4773677,1.333333333
RC,2013-08-20 20:17:30,2023-08-13,25.56,7.37,427.0248991,1.60663807,65.21572679,Nighttime,17:30:00,Dissolution,104.7780694,1.5
RC,2013-08-20 20:17:40,2023-08-13,25.52,7.34,426.3359906,1.60663807,65.05727784,Nighttime,17:40:00,Dissolution,104.5234993,1.666666667
RC,2013-08-20 20:17:50,2023-08-13,25.48,7.3,426.7571192,1.60663807,65.15413742,Nighttime,17:50:00,Dissolution,104.6791176,1.833333333
RC,2013-08-20 20:18:00,2023-08-13,25.44,7.27,426.7571192,1.60663807,65.15413742,Nighttime,18:00:00,Dissolution,104.6791176,2
RC,2013-08-20 20:18:10,2023-08-13,25.42,7.24,427.1883027,1.60663807,65.25330962,Nighttime,18:10:00,Dissolution,104.8384514,2.166666667
RC,2013-08-20 20:18:20,2023-08-13,25.36,7.19,426.7931239,1.60663807,65.1624185,Nighttime,18:20:00,Dissolution,104.6924223,2.333333333
RC,2013-08-20 20:18:30,2023-08-13,25.32,7.17,427.7116782,1.60663807,65.37368599,Nighttime,18:30:00,Dissolution,105.0318527,2.5
RC,2013-08-20 20:18:40,2023-08-13,25.3,7.13,426.9198028,1.60663807,65.19155464,Nighttime,18:40:00,Dissolution,104.7392335,2.666666667
RC,2013-08-20 20:18:50,2023-08-13,25.24,7.11,426.9198028,1.60663807,65.19155464,Nighttime,18:50:00,Dissolution,104.7392335,2.833333333
RC,2013-08-20 20:19:00,2023-08-13,25.2,7.08,427.3444938,1.60663807,65.28923357,Nighttime,19:00:00,Dissolution,104.8961682,3
SR,2023-10-08 22:00:00,2023-10-09,25.94,5.976,402.88,0.1673164,59.6624,Nighttime,1:00:00,Dissolution,9.982497983,0
SR,2023-10-08 22:10:00,2023-10-09,25.94,5.787,403.58,0.1673164,59.8234,Nighttime,1:10:00,Dissolution,10.00943592,0.166666667
SR,2023-10-08 22:20:00,2023-10-09,25.924,5.742,403.85,0.1673164,59.8855,Nighttime,1:20:00,Dissolution,10.01982627,0.333333333
SR,2023-10-08 22:30:00,2023-10-09,25.92,6.115,404.49,0.1673164,60.0327,Nighttime,1:30:00,Dissolution,10.04445525,0.5
SR,2023-10-08 22:40:00,2023-10-09,25.92,5.882,404.82,0.1673164,60.1086,Nighttime,1:40:00,Dissolution,10.05715456,0.666666667
SR,2023-10-08 22:50:00,2023-10-09,25.92,5.952,404.75,0.1673164,60.0925,Nighttime,1:50:00,Dissolution,10.05446077,0.833333333
SR,2023-10-08 23:00:00,2023-10-09,25.92,6.018,404.91,0.1673164,60.1293,Nighttime,2:00:00,Dissolution,10.06061801,1
SR,2023-10-08 23:10:00,2023-10-09,25.92,6.083,405.23,0.1673164,60.2029,Nighttime,2:10:00,Dissolution,10.0729325,1.166666667
SR,2023-10-08 23:20:00,2023-10-09,25.906,5.988,405.21,0.1673164,60.1983,Nighttime,2:20:00,Dissolution,10.07216284,1.333333333
SR,2023-10-08 23:30:00,2023-10-09,25.9,6.088,405.02,0.1673164,60.1546,Nighttime,2:30:00,Dissolution,10.06485112,1.5
SR,2023-10-09 08:00:00,2023-10-09,26.09,5.943,407.63,0.1673164,60.7549,Daytime,11:00:00,Uptake,10.16529115,0
SR,2023-10-09 08:10:00,2023-10-09,26.124,6.169,407.09,0.1673164,60.6307,Daytime,11:10:00,Uptake,10.14451045,0.166666667
SR,2023-10-09 08:20:00,2023-10-09,26.162,6.025,406.29,0.1673164,60.4467,Daytime,11:20:00,Uptake,10.11372424,0.333333333
SR,2023-10-09 08:30:00,2023-10-09,26.218,5.937,405.8,0.1673164,60.334,Daytime,11:30:00,Uptake,10.09486768,0.5
SR,2023-10-09 08:40:00,2023-10-09,26.258,5.994,405.57,0.1673164,60.2811,Daytime,11:40:00,Uptake,10.08601664,0.666666667
SR,2023-10-10 14:00:00,2023-10-10,26.32,5.892,422.02,0.1673164,64.0646,Nighttime,17:00:00,Dissolution,10.71905824,0
SR,2023-10-10 14:10:00,2023-10-10,26.3,5.859,422.43,0.1673164,64.1589,Nighttime,17:10:00,Dissolution,10.73483618,0.166666667
SR,2023-10-10 14:20:00,2023-10-10,26.3,5.863,422.88,0.1673164,64.2624,Nighttime,17:20:00,Dissolution,10.75215342,0.333333333
SR,2023-10-10 14:30:00,2023-10-10,26.284,5.835,423.21,0.1673164,64.3383,Nighttime,17:30:00,Dissolution,10.76485274,0.5
SR,2023-10-10 14:40:00,2023-10-10,26.274,5.832,423.52,0.1673164,64.4096,Nighttime,17:40:00,Dissolution,10.7767824,0.666666667
SR,2023-10-10 14:50:00,2023-10-10,26.26,5.826,424.06,0.1673164,64.5338,Nighttime,17:50:00,Dissolution,10.79756309,0.833333333
SR,2023-10-10 15:00:00,2023-10-10,26.246,5.804,424.33,0.1673164,64.5959,Nighttime,18:00:00,Dissolution,10.80795344,1
SR,2023-10-10 15:10:00,2023-10-10,26.24,5.833,424.7,0.1673164,64.681,Nighttime,18:10:00,Dissolution,10.82219207,1.166666667
SR,2023-10-10 15:20:00,2023-10-10,26.224,5.809,425.13,0.1673164,64.7799,Nighttime,18:20:00,Dissolution,10.83873966,1.333333333
SR,2023-10-10 15:30:00,2023-10-10,26.22,5.725,425.36,0.1673164,64.8328,Nighttime,18:30:00,Dissolution,10.8475907,1.5
SR,2023-10-10 15:40:00,2023-10-10,26.206,5.665,425.55,0.1673164,64.8765,Nighttime,18:40:00,Dissolution,10.85490242,1.666666667
SR,2023-10-10 15:50:00,2023-10-10,26.2,5.302,425.72,0.1673164,64.9156,Nighttime,18:50:00,Dissolution,10.8614445,1.833333333
SR,2023-10-10 16:00:00,2023-10-10,26.186,5.419,425.85,0.1673164,64.9455,Nighttime,19:00:00,Dissolution,10.86644726,2
SR,2023-10-10 06:04:00,2023-10-10,25.754,6.294,418.81,0.1673164,63.3263,Daytime,9:04:30,Uptake,10.59552854,0
SR,2023-10-10 06:14:00,2023-10-10,25.78,6.29,418.63,0.1673164,63.2849,Daytime,9:14:30,Uptake,10.58860164,0.166666667
SR,2023-10-10 06:24:00,2023-10-10,25.812,6.312,418.45,0.1673164,63.2435,Daytime,9:24:30,Uptake,10.58167474,0.333333333
SR,2023-10-10 06:34:00,2023-10-10,25.846,6.203,418.19,0.1673164,63.1837,Daytime,9:34:30,Uptake,10.57166922,0.5
SR,2023-10-10 06:44:00,2023-10-10,25.872,6.342,417.98,0.1673164,63.1354,Daytime,9:44:30,Uptake,10.56358784,0.666666667
SR,2023-10-10 06:54:00,2023-10-10,25.902,6.334,417.9,0.1673164,63.117,Daytime,9:54:30,Uptake,10.56050922,0.833333333
SR,2023-10-10 07:04:00,2023-10-10,25.928,6.284,417.68,0.1673164,63.0664,Daytime,10:04:30,Uptake,10.55204301,1
SR,2023-10-10 07:14:00,2023-10-10,25.956,6.243,417.51,0.1673164,63.0273,Daytime,10:14:30,Uptake,10.54550094,1.166666667
SR,2023-10-10 07:24:00,2023-10-10,25.976,6.247,417.48,0.1673164,63.0204,Daytime,10:24:30,Uptake,10.54434645,1.333333333
SR,2023-10-10 07:34:00,2023-10-10,26.002,6.248,417.31,0.1673164,62.9813,Daytime,10:34:30,Uptake,10.53780438,1.5
SR,2023-10-10 07:44:00,2023-10-10,26.044,6.257,417.45,0.1673164,63.0135,Daytime,10:44:30,Uptake,10.54319197,1.666666667
SR,2023-10-10 07:54:00,2023-10-10,26.152,6.326,417.13,0.1673164,62.9399,Daytime,10:54:30,Uptake,10.53087748,1.833333333
SR,2023-10-10 08:04:00,2023-10-10,26.21,5.934,417.1,0.1673164,62.933,Daytime,11:04:30,Uptake,10.529723,2
SR,2023-10-10 08:14:00,2023-10-10,26.288,6.282,417,0.1673164,62.91,Daytime,11:14:30,Uptake,10.52587472,2.166666667
SR,2023-10-10 08:24:00,2023-10-10,26.362,6.296,416.7,0.1673164,62.841,Daytime,11:24:30,Uptake,10.51432989,2.333333333
SR,2023-10-10 08:34:00,2023-10-10,26.466,6.254,416.46,0.1673164,62.7858,Daytime,11:34:30,Uptake,10.50509403,2.5
SR,2023-10-10 08:44:00,2023-10-10,26.484,6.024,416.13,0.1673164,62.7099,Daytime,11:44:30,Uptake,10.49239471,2.666666667
SR,2023-10-10 08:54:00,2023-10-10,26.47,6.25,415.77,0.1673164,62.6271,Daytime,11:54:30,Uptake,10.47854091,2.833333333
SR,2023-10-10 09:04:00,2023-10-10,26.49,6.174,415.54,0.1673164,62.5742,Daytime,12:04:30,Uptake,10.46968988,3
SR,2023-10-10 09:14:00,2023-10-10,26.532,5.843,415.55,0.1673164,62.5765,Daytime,12:14:30,Uptake,10.4700747,3.166666667
SR,2023-10-10 09:24:00,2023-10-10,26.524,5.452,415.27,0.1673164,62.5121,Daytime,12:24:30,Uptake,10.45929953,3.333333333